performance,size
-16.437293708738757,6k
-6.757294733696556,12k
-3.9198894025775104,25k
-2.7040716733588472,50k
-1.2824270050127669,100k
-0.3131756397962424,200k
0.37537811190499776,400k
